id,latitude,longitude,crime_type,timestamp,area_name
c3b4a02afc64,12.834293,77.672281,chain_snatching,2019-05-20T19:56:00,electronic city
2e083fdf4c6e,13.011468,77.579566,murder,2019-05-22T02:55:00,sadashivanagar
1cde0c4c8974,12.930155,77.582176,domestic_violence,2019-05-22T19:36:00,jayanagar
616d86f0e9ba,12.932771,77.625768,narcotics,2019-05-23T05:50:00,koramangala
ec0f2dca61d9,12.975219,77.593967,sexual_harassment,2019-05-17T15:42:00,cubbon park
51f7d16a111d,12.969016,77.603068,chain_snatching,2019-05-21T01:50:00,mg road
8d942374fad6,12.957203,77.700626,sexual_harassment,2019-05-17T23:33:00,marathahalli
dabd54c0b911,13.007185,77.700284,narcotics,2019-05-16T20:23:00,kr puram
4ec0a1c6d66b,12.992008,77.599678,assault,2019-05-17T19:53:00,shivajinagar
b3f0f285ecf9,13.01635,77.701035,assault,2019-05-08T17:38:00,kr puram
e0b0fb029c70,12.935661,77.624535,murder,2019-05-09T22:15:00,koramangala
195c8b6f708b,12.842343,77.676129,cheating,2019-05-05T19:18:00,electronic city
aa44162bef53,12.973969,77.60938,assault,2019-05-07T16:40:00,brigade road
cbd80a801644,12.973636,77.752824,extortion,2019-05-06T09:24:00,whitefield
47bce34673d9,13.021321,77.555995,murder,2019-05-06T12:07:00,yeshwanthpur
f268f2ff534f,12.930277,77.549801,arson,2019-05-05T20:42:00,banashankari
88cd03b9214b,12.980853,77.560838,sexual_harassment,2019-05-10T07:58:00,rajajinagar
36e541281ed2,12.916921,77.635522,theft,2019-05-10T12:32:00,hsr layout
619c615d2237,13.029596,77.520971,murder,2019-05-11T14:41:00,peenya
9aa78ad3824f,12.927961,77.582972,assault,2019-05-13T17:46:00,jayanagar
6f1d3521bf62,13.10411,77.601197,accident,2019-05-12T14:41:00,yelahanka
bcc5c50a8043,12.925179,77.549864,assault,2019-05-12T04:58:00,banashankari
52d26fd3d8ee,12.932066,77.623707,rioting,2019-05-14T11:41:00,koramangala
d065de93cf59,12.972263,77.75275,sexual_harassment,2019-05-13T21:55:00,whitefield
e0a0d7176cb1,12.914689,77.608791,assault,2019-05-14T22:55:00,btm layout
ab1d2a5d36cb,13.106702,77.600485,murder,2019-04-25T12:02:00,yelahanka
92e65f9f8dc3,12.969824,77.593778,robbery,2019-05-14T05:00:00,richmond town
20aa2da13940,12.971921,77.755923,burglary,2019-04-26T06:02:00,whitefield
56ec2f9391aa,13.100833,77.596644,assault,2019-04-25T13:23:00,yelahanka
c203eb2e24d2,12.907181,77.611888,assault,2019-04-25T22:54:00,bommanahalli
8db0d4cacf38,12.981441,77.637729,kidnapping,2019-04-30T18:25:00,indiranagar
5ac8aead2c70,13.010743,77.694506,theft,2019-04-29T09:09:00,kr puram
501190c56384,13.028958,77.513917,assault,2019-04-29T10:30:00,peenya
3eacb21f79a7,12.90551,77.612287,assault,2019-05-01T15:29:00,bommanahalli
28fc92cc7e26,12.995249,77.60723,sexual_harassment,2019-04-15T06:48:00,frazer town
df6359943617,12.93393,77.629787,kidnapping,2019-05-03T12:56:00,koramangala
f8cbdac24f18,12.937953,77.623507,assault,2019-04-17T18:53:00,koramangala
1f2784035826,12.932208,77.586734,assault,2019-05-03T07:11:00,jayanagar
d03ef5ec054f,13.011639,77.576442,arson,2019-04-18T08:03:00,sadashivanagar
c2daa84a59ae,12.992833,77.555381,assault,2019-04-18T21:50:00,rajajinagar
9ca90e18d231,13.011712,77.695654,murder,2019-04-18T20:31:00,kr puram
efc110636708,12.888662,77.55997,sexual_harassment,2019-04-20T05:54:00,kanakapura road
a28088c7a137,12.925948,77.588779,kidnapping,2019-04-19T19:14:00,jayanagar
13c722179d9c,12.975844,77.599019,kidnapping,2019-04-05T22:36:00,mg road
4c0ae93ddae1,12.940414,77.6202,assault,2019-04-23T06:28:00,koramangala
7e5f0a7d3645,12.958088,77.703906,extortion,2019-04-05T15:51:00,marathahalli
3d238ebc5dfb,12.872657,77.616187,burglary,2019-04-08T22:04:00,begur
2a94f5451d7b,12.914221,77.634308,kidnapping,2019-04-10T12:08:00,hsr layout
dcfb46c2b66e,12.868447,77.621039,cyber_crime,2019-04-08T02:56:00,begur
51f674c77c05,12.953009,77.589878,assault,2019-04-09T14:13:00,wilson garden
7cfd907e3f64,13.003354,77.577965,sexual_harassment,2019-04-09T01:29:00,malleshwaram
4d69667fb017,12.995956,77.576792,murder,2019-03-27T04:29:00,malleshwaram
6a8be28d3a60,12.899626,77.618215,sexual_harassment,2019-04-13T08:03:00,bommanahalli
42439f509f59,12.958048,77.706433,rape,2019-03-28T05:36:00,marathahalli
292ced7d25ef,13.027335,77.513205,robbery,2019-03-29T11:46:00,peenya
9605755bd6bb,13.103069,77.593721,murder,2019-03-29T00:18:00,yelahanka
f9dc68e547b5,12.904442,77.641246,cheating,2019-03-29T19:41:00,hsr layout
25f32927aead,12.921914,77.547217,abetment,2019-03-31T07:50:00,banashankari
d0da04588f17,12.977073,77.645826,assault,2019-04-03T21:16:00,indiranagar
42b5881024b9,12.912659,77.64039,burglary,2019-04-03T05:38:00,hsr layout
7128966e0b74,12.982822,77.533916,murder,2019-03-14T05:43:00,basaveshwaranagar
05d6c6f2fb67,12.963634,77.528074,rape,2019-03-15T13:14:00,vijayanagar
35ab267047b0,12.907783,77.64586,murder,2019-03-19T11:08:00,hsr layout
ee44cb80ae7b,12.970754,77.531639,murder,2019-03-20T04:09:00,vijayanagar
07947288da74,12.89858,77.616526,burglary,2019-03-25T06:10:00,bommanahalli
8285a0471bcc,12.964185,77.645111,abetment,2019-03-24T05:47:00,domlur
39085e00160f,12.923578,77.57848,sexual_harassment,2019-03-06T21:40:00,jayanagar
f42a4fc70742,12.921816,77.615678,murder,2019-03-06T00:07:00,madiwala
13fd9e5479cc,12.983757,77.637172,assault,2019-03-07T14:20:00,indiranagar
4acece4343c2,12.976749,77.587984,murder,2019-03-07T03:01:00,cubbon park
5716b2fdec23,13.098384,77.592254,murder,2019-03-08T16:58:00,yelahanka
2174a61f95fc,12.988119,77.556641,arson,2019-03-05T06:55:00,rajajinagar
0320cf3f1b58,12.917319,77.63812,murder,2019-03-09T11:22:00,hsr layout
cf888b14f1eb,12.938722,77.624152,chain_snatching,2019-02-21T18:44:00,koramangala
bb6495b88768,12.924832,77.550229,kidnapping,2019-02-22T15:08:00,banashankari
7042af979afa,13.101458,77.593949,rape,2019-03-12T20:35:00,yelahanka
ef93425fecf3,12.841249,77.680118,extortion,2019-02-22T16:37:00,electronic city
a4535f684715,12.981273,77.593365,chain_snatching,2019-02-26T07:38:00,cubbon park
5f7b2806c253,12.978522,77.610077,rape,2019-02-26T22:17:00,shivajinagar
db61c6f6356c,12.960997,77.632706,robbery,2019-02-27T23:19:00,domlur
33030edadaaa,12.938905,77.623937,assault,2019-02-28T12:48:00,koramangala
5ea4a38c7cbe,12.875625,77.616567,murder,2019-02-12T12:09:00,begur
ee9902fb52d9,12.980661,77.608693,murder,2019-02-12T21:45:00,shivajinagar
d147d7cf4393,13.022914,77.517974,chain_snatching,2019-02-13T21:27:00,peenya
662a262d2774,13.026877,77.544927,domestic_violence,2019-02-14T18:38:00,yeshwanthpur
f4497f262eda,12.977109,77.586994,narcotics,2019-02-15T11:57:00,cubbon park
0168fff93c81,12.974429,77.572079,theft,2019-02-16T09:00:00,majestic
60988e579d41,13.030236,77.521035,dowry_crime,2019-02-15T18:17:00,peenya
59a7c41a7c31,13.031057,77.596356,murder,2019-02-18T22:15:00,hebbal
2cc3d318fc03,12.925656,77.609791,sexual_harassment,2019-02-19T08:30:00,madiwala
a9cbbbea377d,12.953186,77.593593,rape,2019-02-02T06:17:00,wilson garden
54a5a46c7a52,13.098845,77.593479,murder,2019-02-19T19:25:00,yelahanka
dbc59aac62e7,12.913673,77.633364,burglary,2019-02-03T18:46:00,hsr layout
df6f0d2f2462,12.979129,77.589222,theft,2019-02-04T20:28:00,cubbon park
fc23bea20b81,13.036492,77.598289,rioting,2019-02-04T15:08:00,hebbal
897d4a2965d8,12.986459,77.61118,murder,2019-02-05T14:43:00,shivajinagar
8303feaa78a9,12.972276,77.749211,theft,2019-02-07T13:48:00,whitefield
49dfa2f6ab78,12.987195,77.551357,assault,2019-02-06T21:50:00,rajajinagar
1aafe44572db,13.004503,77.581953,assault,2019-02-07T15:10:00,sadashivanagar
403d4d2b19f0,12.929083,77.581314,cheating,2019-02-09T07:14:00,jayanagar
105d62638794,12.892242,77.604254,assault,2019-02-09T19:28:00,bannerghatta road
b09c9741d99b,12.965111,77.699671,cheating,2019-02-10T05:51:00,marathahalli
070b434e48e8,12.974976,77.574279,assault,2019-02-10T08:42:00,majestic
3c9c335c7c19,12.976571,77.590035,assault,2019-01-25T05:13:00,cubbon park
794cade78022,12.938567,77.6255,extortion,2019-02-11T23:26:00,koramangala
0ec8081e3c08,12.925407,77.611861,murder,2019-01-27T14:31:00,madiwala
3d42075853e1,12.934119,77.629963,rioting,2019-01-28T06:01:00,koramangala
1fc74ea72684,12.972757,77.754983,murder,2019-01-29T14:24:00,whitefield
a6e134d216fb,12.837814,77.68398,theft,2019-01-30T17:07:00,electronic city
b0ce9959c423,12.99116,77.564779,burglary,2019-01-17T03:02:00,malleshwaram
acf975eaf2f9,12.977614,77.642913,dowry_crime,2019-01-17T10:56:00,indiranagar
4e03cf8bac86,12.84499,77.672971,rape,2019-01-17T21:30:00,electronic city
4503896acde7,12.975927,77.604257,molestation,2019-01-18T19:09:00,brigade road
b085cdd2c54d,12.87413,77.618275,assault,2019-02-02T06:33:00,begur
987a1e27b373,12.976208,77.565116,murder,2019-01-19T22:14:00,majestic
5764831764b5,12.959699,77.698456,kidnapping,2019-01-20T23:44:00,marathahalli
df7e480b0f90,12.955402,77.696662,narcotics,2019-01-23T20:51:00,marathahalli
16b7d7c3fbfe,12.92111,77.624791,murder,2019-01-23T04:23:00,silk board
7d8a207d4112,12.919861,77.622167,murder,2019-01-24T22:30:00,silk board
7ea7ede860dd,12.932269,77.629578,assault,2019-02-11T16:04:00,koramangala
e08fb8187afb,12.969854,77.590539,assault,2019-01-08T12:00:00,richmond town
709b8f9df282,12.876276,77.615829,accident,2019-01-08T00:35:00,begur
b9d0ea86ebb4,12.953527,77.590079,extortion,2019-01-11T13:54:00,wilson garden
592b5cab1fc2,13.01223,77.699094,assault,2019-01-11T12:36:00,kr puram
aef47f97d821,12.964138,77.753572,assault,2019-01-11T01:38:00,whitefield
f2354bdbb87b,12.98977,77.605556,murder,2019-01-15T09:13:00,shivajinagar
87800cc48929,12.834896,77.68019,assault,2019-01-14T06:29:00,electronic city
da2a8d74b9d8,12.958994,77.63424,murder,2019-01-15T21:07:00,domlur
eb66d59fe8ec,12.999699,77.606763,assault,2019-01-16T22:48:00,frazer town
216dfa69879c,12.98121,77.575409,sexual_harassment,2018-12-20T22:31:00,majestic
6349637b4f32,12.936341,77.629273,cheating,2018-12-21T17:10:00,koramangala
cff483c0bfa8,12.980887,77.601903,murder,2018-12-22T17:03:00,shivajinagar
5ee6068f3eb1,12.975133,77.608928,narcotics,2018-12-21T17:14:00,brigade road
7a6bb1be5aea,12.97933,77.586838,murder,2018-12-21T11:25:00,cubbon park
be1f57061c41,12.909973,77.635017,chain_snatching,2018-12-23T17:33:00,hsr layout
e0f207c5257d,12.968748,77.748828,murder,2018-12-24T16:52:00,whitefield
4476781237fb,13.023165,77.549372,assault,2018-12-25T08:08:00,yeshwanthpur
97145930f2c4,12.898392,77.617608,cheating,2018-12-25T03:32:00,bommanahalli
8be22fcce6a4,12.931809,77.541373,robbery,2018-12-27T01:45:00,banashankari
3a9b364f0eec,12.93906,77.625025,assault,2018-12-28T00:55:00,koramangala
c6ebf37fe955,12.972604,77.530938,sexual_harassment,2019-01-03T13:29:00,vijayanagar
9b2a36a315ed,12.914536,77.613979,assault,2018-12-29T19:56:00,btm layout
c278c0f99638,12.999719,77.575124,murder,2019-01-04T00:27:00,malleshwaram
b4753d6f040c,12.965037,77.637339,sexual_harassment,2019-03-02T09:12:00,domlur
598d5742088c,12.926936,77.584525,assault,2019-01-07T04:08:00,jayanagar
a36a4a068fbe,12.978953,77.611719,rioting,2018-12-13T08:40:00,mg road
77fb73db719e,12.915791,77.608566,murder,2018-12-16T19:46:00,btm layout
b11fac0c0722,12.969742,77.538505,cheating,2018-12-15T08:59:00,vijayanagar
2a8f89eeb971,12.901487,77.615492,assault,2018-12-19T09:34:00,bommanahalli
91e45c5eb57d,12.952273,77.597005,murder,2018-12-19T08:28:00,wilson garden
2c5d33791b74,13.005028,77.61736,narcotics,2018-12-20T19:34:00,frazer town
ea2cb62a1a45,12.901769,77.617163,rape,2019-03-05T15:55:00,bommanahalli
d541b596b283,12.911819,77.643058,rape,2018-12-18T13:46:00,hsr layout
fdf8e621ef82,12.841104,77.676209,narcotics,2019-03-05T02:36:00,electronic city
db8a8ba6bff8,12.896272,77.556357,murder,2018-12-05T14:04:00,kanakapura road
29f9e0911390,13.033954,77.517509,murder,2018-12-05T18:51:00,peenya
981fae7c39f9,12.966807,77.756552,assault,2019-03-13T13:15:00,whitefield
4853280da38b,12.986911,77.627934,murder,2019-03-13T21:36:00,ulsoor
1eded8d7ae05,13.003714,77.573354,murder,2018-12-08T19:17:00,malleshwaram
97a5e612d311,12.989132,77.610039,robbery,2018-12-08T09:17:00,shivajinagar
cdc9aa8e4335,12.935892,77.630333,murder,2018-12-11T05:07:00,koramangala
55d619b2be33,12.892281,77.60392,rape,2018-11-22T10:06:00,bannerghatta road
5d8e1f9d8bc0,12.966602,77.601789,theft,2018-11-22T09:17:00,brigade road
a265cfedbfb4,12.965382,77.594658,assault,2018-11-23T16:12:00,richmond town
8514714152a1,12.889615,77.598768,murder,2018-11-23T04:37:00,bannerghatta road
5006f87ff4d9,12.991811,77.574478,domestic_violence,2018-11-23T19:01:00,malleshwaram
1c9d30a7ca74,12.981999,77.642819,murder,2018-11-24T07:59:00,indiranagar
7b751e3054f1,12.972671,77.748641,murder,2018-11-24T15:03:00,whitefield
33027c39c4d3,12.992272,77.534726,rape,2018-11-24T23:23:00,basaveshwaranagar
452d8521c06f,13.04006,77.598543,assault,2018-11-24T15:04:00,hebbal
5dbd20877e0f,12.963837,77.757166,assault,2018-11-24T08:41:00,whitefield
2c8440c46fd3,12.912644,77.634002,murder,2019-03-26T19:33:00,hsr layout
297b40958cdb,12.909009,77.68502,sexual_harassment,2019-03-26T00:59:00,sarjapur road
8bf3cd49b9cd,13.035395,77.597001,chain_snatching,2018-12-04T13:11:00,hebbal
5ecd2de4179b,13.096999,77.596554,murder,2018-12-04T02:50:00,yelahanka
8817d394b19d,13.00294,77.578312,cheating,2018-12-04T15:04:00,sadashivanagar
1ae9d4ad8dd5,12.989288,77.560158,cheating,2018-11-16T05:32:00,rajajinagar
7399bb7d8c42,12.924517,77.613754,chain_snatching,2018-11-16T18:39:00,madiwala
dfb9da5b4012,12.977439,77.566485,robbery,2018-11-17T10:10:00,majestic
0cc169859a3d,12.91566,77.611908,assault,2018-11-17T16:34:00,btm layout
7748253a78e8,12.930249,77.542456,murder,2019-04-04T04:52:00,banashankari
ee6da6c917b7,13.023617,77.550861,robbery,2018-11-20T19:58:00,yeshwanthpur
e7dbe9ccc7e4,13.03307,77.60021,assault,2018-11-03T00:39:00,hebbal
c81f157ec233,12.9737,77.595376,murder,2018-10-30T18:59:00,cubbon park
f1d87e6a2f9a,13.016816,77.555777,rape,2018-11-20T23:02:00,yeshwanthpur
5b9540c3b1d6,12.877047,77.624846,murder,2018-11-01T03:32:00,begur
a12f4521e898,12.84073,77.673055,assault,2019-04-13T11:55:00,electronic city
f69ae4f730fb,12.98652,77.538916,murder,2018-11-01T07:18:00,basaveshwaranagar
d064e11ba0f5,12.933654,77.580965,accident,2018-11-02T21:28:00,jayanagar
9889ca79f5da,12.962558,77.698402,sexual_harassment,2019-04-14T15:26:00,marathahalli
88ab4ac36080,12.933082,77.6265,theft,2018-11-04T18:29:00,koramangala
4c4c3fa08e0b,12.982613,77.542596,narcotics,2018-11-04T08:18:00,basaveshwaranagar
2ee1fa2fdb82,12.976383,77.537303,molestation,2018-10-31T14:11:00,vijayanagar
72bc4c72765d,13.033853,77.594303,narcotics,2018-11-06T00:05:00,hebbal
1c9778b01892,12.888716,77.549215,molestation,2019-04-14T05:03:00,kanakapura road
d8b7ad3eaf12,12.909839,77.633165,rape,2018-11-11T22:46:00,hsr layout
fe1031e19bd2,12.938926,77.625611,cheating,2018-11-12T07:28:00,koramangala
b450e1a352e4,12.839266,77.672827,murder,2019-04-15T12:34:00,electronic city
eae1e4cd08c6,12.974076,77.753036,murder,2018-11-12T23:41:00,whitefield
c2aa337cbaca,12.875904,77.616393,murder,2018-10-22T13:54:00,begur
63c9a0e402f7,13.008592,77.699489,theft,2018-10-22T10:01:00,kr puram
2fd202af1bdf,12.978849,77.60937,murder,2019-04-14T03:33:00,brigade road
e53e36519f19,12.886816,77.601353,assault,2018-10-23T07:57:00,bannerghatta road
3a270e0c78ef,12.9278,77.58166,murder,2018-10-23T05:23:00,jayanagar
3fbc6401b969,12.88785,77.593259,assault,2018-10-23T22:39:00,bannerghatta road
9442c9265374,12.913993,77.636479,chain_snatching,2018-10-24T01:06:00,hsr layout
1d31ec857c27,12.965101,77.633077,abetment,2018-10-24T23:26:00,domlur
85ac5f099dcb,12.88713,77.549044,murder,2018-10-24T07:04:00,kanakapura road
dbed5fa9df67,12.974354,77.754101,theft,2018-10-24T09:19:00,whitefield
18b58e155a2b,12.918524,77.61557,murder,2018-10-25T07:18:00,btm layout
578e03f62422,12.963953,77.533018,murder,2018-10-25T18:19:00,vijayanagar
87d9fa4ba197,13.022862,77.51695,murder,2018-10-28T14:46:00,peenya
eb15ce226b2f,12.972144,77.572784,assault,2018-10-26T14:40:00,majestic
4121b411d239,13.006287,77.690855,kidnapping,2018-10-26T14:24:00,kr puram
cb87d2c0edbb,12.975744,77.602236,molestation,2018-10-30T08:16:00,brigade road
cac0c45e63c5,12.922105,77.544612,robbery,2018-10-10T10:31:00,banashankari
6d49f9e6094e,12.913744,77.679827,sexual_harassment,2019-04-23T02:59:00,sarjapur road
6ba2dfa1a456,12.927381,77.549804,murder,2018-10-10T09:08:00,banashankari
b638babb9494,13.007502,77.698495,sexual_harassment,2018-10-10T17:01:00,kr puram
7cf919a31fbd,13.096046,77.59574,assault,2018-10-10T11:27:00,yelahanka
437295224d9b,12.9797,77.609175,sexual_harassment,2018-10-12T21:20:00,mg road
97c1539d9e42,13.024662,77.511093,sexual_harassment,2018-10-11T09:25:00,peenya
3213030e73f7,12.932,77.587437,cheating,2018-10-12T09:17:00,jayanagar
c9d9d878cb26,12.879034,77.620087,robbery,2018-10-12T07:14:00,begur
32f144df46a6,12.889807,77.604353,assault,2018-10-12T18:56:00,bannerghatta road
63f5a0b388c9,12.991602,77.538214,assault,2018-10-15T19:38:00,basaveshwaranagar
0bc1424e9db9,12.912265,77.622859,theft,2018-10-16T05:45:00,silk board
bafa9f41793e,12.986388,77.540459,assault,2018-10-15T18:45:00,basaveshwaranagar
8db4057e78f0,12.837624,77.669723,murder,2018-10-15T05:42:00,electronic city
aabe0068a981,12.98077,77.636952,molestation,2018-10-18T17:22:00,indiranagar
524d6124951d,12.92362,77.620304,murder,2018-09-29T02:09:00,silk board
749495248998,13.020955,77.553442,murder,2018-10-20T14:32:00,yeshwanthpur
582dcc05f601,12.972112,77.751621,assault,2018-10-21T02:01:00,whitefield
ad6043a2029f,13.096742,77.598238,assault,2018-09-29T21:14:00,yelahanka
60521c4b8d70,12.894888,77.561257,murder,2018-10-01T20:55:00,kanakapura road
60ce6d2bd096,12.909014,77.639198,robbery,2018-09-29T19:33:00,hsr layout
9cf2c5deb588,12.972234,77.639291,theft,2018-10-02T21:36:00,indiranagar
aa05b03c52d6,13.009422,77.699981,robbery,2018-10-02T07:20:00,kr puram
06610b54743c,13.021057,77.551209,abetment,2018-10-03T22:53:00,yeshwanthpur
3d9bd394e8ce,13.027147,77.51432,stalking,2018-10-04T05:06:00,peenya
2d1081a9669c,13.007033,77.691689,sexual_harassment,2018-10-03T23:26:00,kr puram
921eb6dcd222,12.97593,77.751165,assault,2018-10-05T17:45:00,whitefield
f8c063092943,12.933179,77.623483,arson,2018-09-20T20:08:00,koramangala
2f3386403816,12.976907,77.568587,murder,2018-09-22T01:20:00,majestic
198e5445d0b9,12.941273,77.62191,assault,2018-09-23T03:20:00,koramangala
ea57fc750907,13.029493,77.518557,murder,2018-09-26T20:49:00,peenya
a726801ccb36,13.007428,77.585934,kidnapping,2018-09-26T03:39:00,sadashivanagar
e379912fbf86,12.968429,77.591254,assault,2018-09-27T03:03:00,richmond town
aa60f3b75faa,13.103458,77.591266,murder,2018-09-27T16:08:00,yelahanka
f34d09a873ff,13.104676,77.60015,murder,2018-09-26T11:38:00,yelahanka
6a35bd6163b3,12.8373,77.674312,robbery,2018-09-28T09:39:00,electronic city
e337100d028f,12.965228,77.592578,chain_snatching,2018-09-26T17:45:00,richmond town
816ec6785bc3,13.013782,77.694534,murder,2018-09-27T01:51:00,kr puram
7d3db028c777,12.971165,77.755246,murder,2018-09-27T18:55:00,whitefield
ba08a4601a9f,12.955215,77.64003,murder,2018-09-27T01:30:00,domlur
1ff4f890a17d,12.911057,77.590863,assault,2018-10-09T06:58:00,jp nagar
c165c5107f0f,12.889519,77.547708,abetment,2018-10-21T10:39:00,kanakapura road
2a9782ac4aa6,12.9623,77.697443,rape,2018-09-10T22:01:00,marathahalli
200378e6b975,12.974845,77.575322,robbery,2018-09-12T05:06:00,majestic
c7bae529bfad,12.935485,77.578524,murder,2018-09-12T18:46:00,jayanagar
d2a656e4ad85,12.920224,77.616991,cheating,2018-09-13T19:39:00,btm layout
8a8eaed075c7,12.929001,77.546705,murder,2018-09-15T20:00:00,banashankari
76140b0d524d,13.101416,77.600917,murder,2018-09-13T14:22:00,yelahanka
d49c59b6a7be,12.875739,77.625771,murder,2018-09-16T20:15:00,begur
23f10ca38183,12.929141,77.545935,robbery,2018-09-15T17:30:00,banashankari
65e5291c8c13,13.100264,77.596729,accident,2018-09-17T05:53:00,yelahanka
d4d5725ff462,13.032218,77.513554,murder,2018-09-17T00:07:00,peenya
8fad72618be0,12.871921,77.615789,murder,2018-09-18T00:17:00,begur
f698b7f043f1,12.999527,77.570129,cheating,2018-09-18T01:49:00,malleshwaram
0017f14d8542,12.840758,77.6761,assault,2018-08-29T05:01:00,electronic city
1d37e4754dca,13.031631,77.513675,cheating,2018-09-20T18:11:00,peenya
33dd37cd3ad2,12.939444,77.626579,assault,2018-08-30T07:18:00,koramangala
4e4aa9fea4dd,12.966397,77.755798,cheating,2018-09-01T00:57:00,whitefield
6d1dce62ae22,12.923128,77.622172,assault,2018-08-31T13:36:00,madiwala
5ff159957ebd,12.984157,77.551202,assault,2018-09-01T00:38:00,rajajinagar
ae70f0a5bd36,12.918484,77.609574,theft,2018-09-01T02:57:00,btm layout
2cc35dc448ae,12.91012,77.592684,murder,2018-09-02T20:18:00,jp nagar
91a1e4b50252,12.931621,77.584254,narcotics,2018-09-05T07:13:00,jayanagar
7cea3bc786ee,12.833954,77.684062,abetment,2018-09-05T11:01:00,electronic city
0959accce963,12.966595,77.751614,theft,2018-08-18T02:57:00,whitefield
d9b3e0873152,12.880875,77.594458,murder,2018-08-20T02:15:00,bannerghatta road
473e8576ebf4,12.927364,77.546001,assault,2018-09-05T07:23:00,banashankari
862dbde1b705,12.992294,77.53655,murder,2018-09-05T01:55:00,basaveshwaranagar
cde20713c7ca,12.882028,77.592646,cheating,2018-09-06T18:07:00,bannerghatta road
7649764e15d8,12.972348,77.644857,rape,2018-08-20T23:06:00,indiranagar
5ac18d186522,12.984382,77.55918,rape,2018-08-21T14:31:00,rajajinagar
c361643c31b4,12.932593,77.584732,theft,2018-08-22T03:13:00,jayanagar
286fffcf86b8,12.966173,77.606122,assault,2018-08-24T22:37:00,brigade road
f4c17349070c,12.903448,77.578597,assault,2018-08-25T00:45:00,jp nagar
6414fa4e3deb,12.911885,77.603982,murder,2018-08-06T04:09:00,btm layout
24e633ac73de,13.103331,77.595839,assault,2018-08-07T09:38:00,yelahanka
90852bb7adf4,12.961957,77.585934,murder,2018-08-07T07:00:00,richmond town
383121124f3c,12.884087,77.591892,theft,2018-08-08T19:52:00,bannerghatta road
2bad3ac3c3da,12.923708,77.544379,murder,2018-08-26T00:17:00,banashankari
dabc7157d0a7,12.926806,77.587698,murder,2018-08-26T00:08:00,jayanagar
e4f524761037,12.996246,77.565673,molestation,2018-08-10T16:01:00,malleshwaram
d498684d8c64,13.024887,77.519349,rape,2018-08-14T07:32:00,peenya
02aaa322d78e,12.906629,77.64179,accident,2018-08-15T07:22:00,hsr layout
2d1e29d44dd4,12.974172,77.565782,assault,2018-08-16T09:33:00,majestic
ba31ce5ef7f1,13.02831,77.524313,chain_snatching,2018-07-27T03:58:00,peenya
cd0b439d862b,12.920303,77.616739,murder,2018-07-26T17:09:00,btm layout
aa7ff96a6ede,13.021413,77.552075,murder,2018-07-26T20:15:00,yeshwanthpur
a4eb4bbb95c5,12.997563,77.568372,murder,2018-07-25T16:32:00,malleshwaram
38732ac32e9f,12.916756,77.608484,murder,2018-07-27T01:28:00,btm layout
6e9fe30b6f70,12.911535,77.582431,murder,2018-07-28T20:32:00,jp nagar
7751904d6ce4,13.101468,77.598727,rape,2018-07-28T19:50:00,yelahanka
60a8a0b2bcde,12.873871,77.62099,murder,2018-07-29T14:59:00,begur
40f950310b4f,12.973849,77.535998,theft,2018-07-30T18:52:00,vijayanagar
25c5e58ddcd5,12.973299,77.566989,molestation,2018-07-14T19:35:00,majestic
8b898575e738,12.983141,77.602514,accident,2018-07-30T06:21:00,shivajinagar
8298adaf2f82,12.962084,77.642983,murder,2018-07-16T03:29:00,domlur
662a3330bb95,12.930256,77.626547,chain_snatching,2018-07-15T12:28:00,koramangala
0b06609ead29,13.098048,77.598853,murder,2018-07-29T21:34:00,yelahanka
87d1413a7ad9,13.034907,77.600414,assault,2018-07-19T04:28:00,hebbal
0dfef1cf45ff,12.952886,77.700061,murder,2018-07-20T05:51:00,marathahalli
1162d906f0d0,12.896173,77.554225,murder,2018-07-21T05:47:00,kanakapura road
28b3ae4dd4aa,12.968015,77.606009,murder,2018-07-21T05:50:00,brigade road
7ac02b90e7e5,13.016793,77.545965,arson,2018-07-31T08:14:00,yeshwanthpur
2d00baa8d085,12.891043,77.556109,abetment,2018-07-23T13:24:00,kanakapura road
244775f268c9,12.979385,77.590125,rape,2018-07-31T11:22:00,cubbon park
f4e068883967,12.845225,77.682936,assault,2018-08-01T13:41:00,electronic city
12316a78d14f,12.903842,77.673384,assault,2018-08-01T17:41:00,sarjapur road
4afc78135e19,12.887746,77.558655,murder,2018-07-25T15:41:00,kanakapura road
4758b2e8154c,12.973457,77.608421,dowry_crime,2018-07-03T19:13:00,brigade road
8a5b3a6ec940,12.922444,77.544028,chain_snatching,2018-07-03T01:57:00,banashankari
d5d5a83dad22,13.038184,77.591584,murder,2018-07-05T21:40:00,hebbal
fbdfab42439d,13.009173,77.699815,assault,2018-07-06T15:28:00,kr puram
af5b68b6741d,12.91316,77.638027,chain_snatching,2018-07-09T05:47:00,hsr layout
d31e0d8ebcb4,13.001965,77.613045,murder,2018-07-10T13:24:00,frazer town
770fd7c6c984,12.973529,77.570619,molestation,2018-07-12T10:59:00,majestic
c3c445f222e1,12.922175,77.6117,murder,2018-09-07T20:42:00,madiwala
bcc17a5daf09,12.935847,77.625618,assault,2018-07-02T11:49:00,koramangala
3481cedae1ea,12.976222,77.576729,robbery,2018-08-05T20:55:00,majestic
11f49f11071e,12.962961,77.693683,assault,2018-06-24T15:10:00,marathahalli
0aa9c687e716,12.967675,77.589514,robbery,2018-06-25T23:31:00,richmond town
7c831ee91fa7,12.909436,77.583305,murder,2018-08-05T18:39:00,jp nagar
209d139f33aa,12.962329,77.69854,sexual_harassment,2018-06-28T15:41:00,marathahalli
ed6cad2a8eba,12.958185,77.638309,murder,2018-06-29T07:07:00,domlur
932d31a542b2,12.915802,77.639217,assault,2018-06-29T00:24:00,hsr layout
9098e1ec3f0b,12.983871,77.542683,murder,2018-06-30T06:11:00,basaveshwaranagar
73e824ee1061,12.92697,77.579574,assault,2018-06-30T21:33:00,jayanagar
c247cdc93c21,12.983258,77.621337,dowry_crime,2018-07-02T01:22:00,ulsoor
0d71a5634142,12.931555,77.62044,sexual_harassment,2018-06-15T00:40:00,koramangala
db7ffea7a3cd,13.038195,77.600015,murder,2018-06-16T06:48:00,hebbal
f14e1abb157a,12.981572,77.592506,murder,2018-06-18T14:19:00,cubbon park
cd7fc5bcfe80,12.976231,77.63918,assault,2018-06-21T06:43:00,indiranagar
c0db39f7a48a,12.976375,77.540289,murder,2018-06-18T09:51:00,vijayanagar
aa554edb82d1,12.907772,77.640848,burglary,2018-06-19T23:11:00,hsr layout
4d548b047814,12.92396,77.543043,chain_snatching,2018-06-19T14:56:00,banashankari
97c2d869f57a,12.93071,77.582174,robbery,2018-06-19T11:17:00,jayanagar
bfd405517fb9,12.968542,77.586299,assault,2018-06-14T14:38:00,richmond town
9df534b5c1ac,12.975919,77.601955,sexual_harassment,2018-06-22T08:54:00,mg road
c8ce1b31f919,12.910022,77.634928,arson,2018-06-22T19:25:00,hsr layout
d77a878a59b8,12.96982,77.747837,murder,2018-06-21T11:47:00,whitefield
846072be6d64,12.980916,77.606536,chain_snatching,2018-06-22T09:13:00,mg road
5fb821488d23,12.97117,77.525722,assault,2018-06-02T20:46:00,vijayanagar
f48430695d27,12.937342,77.623644,arson,2018-06-03T19:07:00,koramangala
e44b9b8ec06f,12.97285,77.749666,assault,2018-06-14T12:01:00,whitefield
0cb51587bf3d,12.973735,77.636389,robbery,2018-06-01T23:06:00,indiranagar
a06340eee9e5,12.975605,77.571543,murder,2018-06-11T11:45:00,majestic
2e517bd5f7ec,13.033183,77.519311,accident,2018-06-09T14:58:00,peenya
0adb0e0795dc,12.918805,77.635681,murder,2018-06-11T06:52:00,hsr layout
d2b2f53afc55,12.974732,77.612348,burglary,2018-06-09T10:48:00,brigade road
2dda78ad7a15,12.973318,77.594629,stalking,2018-06-13T17:46:00,cubbon park
c7a0747f20e1,12.952936,77.585902,robbery,2018-06-12T00:28:00,wilson garden
2c9dd7ea047a,12.960453,77.70221,murder,2018-06-12T02:17:00,marathahalli
68f818a3bcba,13.01064,77.69471,abetment,2018-06-01T23:25:00,kr puram
a584953f80dc,12.983569,77.541001,assault,2018-06-14T01:35:00,basaveshwaranagar
1d29e6cd38ee,12.97551,77.642799,sexual_harassment,2018-05-22T21:15:00,indiranagar
37ed1afe9677,13.020471,77.544958,extortion,2018-05-22T01:21:00,yeshwanthpur
6c58a5fc1d55,12.904224,77.585223,assault,2018-05-22T01:29:00,jp nagar
328b1506a920,12.900638,77.581169,assault,2018-05-23T07:00:00,jp nagar
b7a3ed599878,12.925971,77.582978,rape,2018-05-23T12:49:00,jayanagar
f32cde189c9f,13.03117,77.516118,murder,2018-05-24T02:43:00,peenya
3c679121fe28,12.983261,77.640271,dowry_crime,2018-05-24T20:33:00,indiranagar
dc7ae1cda048,12.870958,77.619285,assault,2018-05-26T09:15:00,begur
33891a92bf18,12.962988,77.590868,murder,2018-05-31T16:16:00,richmond town
7f0f846008f7,13.04242,77.58995,murder,2018-05-14T23:53:00,hebbal
ed046624b9c1,13.023667,77.549024,murder,2018-05-30T14:40:00,yeshwanthpur
47282f578568,12.933789,77.624725,assault,2018-05-15T03:35:00,koramangala
9bb881ea0c61,12.973464,77.566831,murder,2018-05-30T02:40:00,majestic
c5cde365e433,12.92053,77.610259,cheating,2018-05-04T13:45:00,btm layout
eba617be5fdf,12.968735,77.743987,assault,2018-05-14T05:11:00,whitefield
b0604eedbae5,12.966619,77.588518,murder,2018-05-07T05:26:00,richmond town
78880f47933b,13.032486,77.596975,kidnapping,2018-05-07T13:28:00,hebbal
07734855d116,12.902304,77.586119,robbery,2018-05-15T17:47:00,jp nagar
d5c5fc62d3eb,12.976352,77.569907,cheating,2018-05-17T14:40:00,majestic
d221dfe1c88a,13.096341,77.597213,rape,2018-05-08T14:42:00,yelahanka
52dc77c5fcbe,13.003242,77.582518,cheating,2018-05-08T06:27:00,sadashivanagar
efc99a8899f6,13.005393,77.583535,assault,2018-05-10T03:24:00,sadashivanagar
48acc60e78ef,12.955163,77.597275,robbery,2018-05-18T08:32:00,wilson garden
3d104a4b27ff,12.896587,77.622718,murder,2018-05-19T12:23:00,bommanahalli
7afe13b585ba,12.983088,77.551124,extortion,2018-05-18T22:48:00,rajajinagar
749189f1601c,12.973229,77.75407,murder,2018-05-20T13:41:00,whitefield
ce246dcdb05b,12.871485,77.614106,robbery,2018-04-28T00:31:00,begur
f618730fbf62,12.963523,77.531204,extortion,2018-05-18T08:51:00,vijayanagar
a5d4db383e9d,12.923801,77.613746,domestic_violence,2018-04-20T00:05:00,btm layout
6535229db1fe,12.907789,77.582227,chain_snatching,2018-04-20T02:26:00,jp nagar
1fb8c9b708b3,12.903263,77.588206,sexual_harassment,2018-04-23T07:31:00,jp nagar
ac67171b3343,12.871996,77.617754,murder,2018-04-24T11:47:00,begur
93762d7c38e1,12.883049,77.595961,kidnapping,2018-04-24T17:10:00,bannerghatta road
6c6a2d5e1c09,12.914187,77.64408,molestation,2018-04-23T11:46:00,hsr layout
bbae774f571e,12.990869,77.542231,chain_snatching,2018-05-01T03:21:00,basaveshwaranagar
3ee871fd6749,13.02247,77.546172,assault,2018-05-02T17:26:00,yeshwanthpur
073772c7adcd,12.970981,77.596314,abetment,2018-04-06T17:27:00,cubbon park
2c9793e88469,12.903664,77.590537,robbery,2018-04-09T20:40:00,jp nagar
c19dcc2b0b00,12.98771,77.561005,assault,2018-04-19T03:03:00,rajajinagar
69849e9b2894,13.098141,77.599811,burglary,2018-04-09T20:16:00,yelahanka
1cb5b7be8dfd,12.925906,77.583807,robbery,2018-04-11T02:41:00,jayanagar
ac300086d61d,12.919054,77.619383,robbery,2018-04-12T02:43:00,madiwala
2d9457f127eb,12.981733,77.592007,rape,2018-04-14T00:38:00,cubbon park
d7550a2d86b0,12.932758,77.58562,sexual_harassment,2018-04-15T05:06:00,jayanagar
e890c15af011,13.008985,77.694684,murder,2018-04-15T23:13:00,kr puram
57e4a0381736,12.915396,77.640572,kidnapping,2018-04-17T06:47:00,hsr layout
0a6138dd9d74,12.974936,77.750299,kidnapping,2018-03-27T21:28:00,whitefield
0c17587e0127,12.973875,77.60336,murder,2018-03-28T20:56:00,mg road
cf88f6e9e79e,12.909863,77.587892,assault,2018-03-25T07:58:00,jp nagar
d8ad15c6f6e0,12.839952,77.684247,assault,2018-04-18T08:26:00,electronic city
f926f55d4106,12.975703,77.535159,molestation,2018-03-26T22:36:00,vijayanagar
f476f48c007f,13.008117,77.69626,murder,2018-04-06T01:13:00,kr puram
e61824728a82,12.933644,77.619839,kidnapping,2018-03-28T18:38:00,koramangala
b28e11e50464,12.884871,77.561636,molestation,2018-03-29T17:23:00,kanakapura road
fb91fbbb73ba,12.898937,77.623173,assault,2018-03-30T16:05:00,bommanahalli
9acca605aa36,12.966869,77.754978,theft,2018-04-02T00:56:00,whitefield
b14404729a45,12.98484,77.60041,robbery,2018-03-17T13:59:00,shivajinagar
5d68bdf2a02f,12.94217,77.625409,dowry_crime,2018-04-04T17:18:00,koramangala
7698f0f65906,12.905435,77.59277,assault,2018-03-15T07:09:00,jp nagar
ffc584778f3f,12.923657,77.603296,theft,2018-03-24T22:07:00,btm layout
b370ee5742ef,12.929655,77.587309,assault,2018-03-15T19:10:00,jayanagar
3a4dc3f004e8,13.018576,77.557268,assault,2018-03-16T19:15:00,yeshwanthpur
334a18e258c0,13.004084,77.583835,murder,2018-03-15T00:40:00,sadashivanagar
e11248eaa7f6,13.026966,77.516756,murder,2018-03-18T16:10:00,peenya
1e088d506cf7,13.006968,77.578106,cheating,2018-03-19T10:46:00,sadashivanagar
5e177b17ad89,12.967584,77.755114,kidnapping,2018-03-20T07:47:00,whitefield
607f876f1e0e,12.977297,77.645956,sexual_harassment,2018-03-16T10:18:00,indiranagar
be70b5437334,12.97446,77.596969,assault,2018-03-16T06:02:00,cubbon park
27511d6c18b3,12.977057,77.638347,assault,2018-03-17T08:46:00,indiranagar
903d113e7efd,12.989427,77.550726,assault,2018-03-20T17:50:00,rajajinagar
9bf073eba729,12.969341,77.751045,assault,2018-03-20T09:04:00,whitefield
3b52b9a659f9,12.974481,77.747557,kidnapping,2018-03-21T00:14:00,whitefield
4251b3508fdc,12.979203,77.6047,assault,2018-03-20T14:56:00,brigade road
ecb3ce191085,12.895,77.622076,assault,2018-03-21T22:48:00,bommanahalli
5fc356956eb3,12.977459,77.636959,kidnapping,2018-03-09T09:50:00,indiranagar
f64be0641221,12.92549,77.57985,assault,2018-03-22T23:14:00,jayanagar
8586039a0157,12.935226,77.627871,theft,2018-03-23T17:26:00,koramangala
024a446c82a2,12.890339,77.560852,sexual_harassment,2018-03-06T18:40:00,kanakapura road
93d411b7d544,12.937178,77.62563,kidnapping,2018-03-24T01:53:00,koramangala
7c9f10184f33,13.100931,77.598102,robbery,2018-03-07T01:11:00,yelahanka
62ba5c252410,12.929554,77.582481,murder,2018-03-07T19:02:00,jayanagar
76aa970ba581,13.000879,77.571267,murder,2018-03-07T11:13:00,malleshwaram
ccf436331089,12.907444,77.67785,assault,2018-03-14T08:04:00,sarjapur road
53bab1d450bf,12.992493,77.608212,murder,2018-03-09T14:22:00,shivajinagar
0882a341ea5f,12.971796,77.570976,murder,2018-03-09T09:32:00,majestic
f4b36064b54c,12.836395,77.671636,assault,2018-03-10T17:04:00,electronic city
0937fe31347d,12.889904,77.551769,kidnapping,2018-03-04T21:18:00,kanakapura road
1353b2b377ec,12.897469,77.610733,assault,2018-03-13T23:03:00,bommanahalli
231f9981902e,12.959459,77.639862,murder,2018-02-22T08:01:00,domlur
9b63a141daf7,13.008181,77.694952,assault,2018-02-22T09:19:00,kr puram
d9f1ff5f9932,12.872684,77.624996,murder,2018-03-13T13:09:00,begur
c1a8022a9395,13.008778,77.57706,sexual_harassment,2018-02-24T17:12:00,sadashivanagar
e53656b7fe4e,12.972066,77.606282,cheating,2018-02-27T15:11:00,mg road
2b14636d6370,12.954999,77.598582,molestation,2018-02-27T02:15:00,wilson garden
9fc745007ef1,12.947707,77.590041,abetment,2018-02-27T13:14:00,wilson garden
a223700eaab6,12.968702,77.532317,robbery,2018-03-01T22:38:00,vijayanagar
584535400f46,12.964521,77.533568,murder,2018-03-02T01:24:00,vijayanagar
b32e46f428fb,12.980597,77.61034,molestation,2018-03-02T12:55:00,shivajinagar
d4ea81b78dad,12.973865,77.589361,assault,2018-03-02T14:56:00,cubbon park
20dadb2c6955,12.966128,77.753712,kidnapping,2018-02-13T08:21:00,whitefield
4f00598e68c3,12.911149,77.584359,domestic_violence,2018-02-13T13:58:00,jp nagar
40369bc821df,13.099478,77.597106,murder,2018-03-02T22:47:00,yelahanka
85d4425e1abe,13.106042,77.590917,robbery,2018-03-03T15:44:00,yelahanka
8391d1785f54,12.923345,77.616495,sexual_harassment,2018-01-30T16:20:00,madiwala
7d718c7a12f6,12.927507,77.61202,kidnapping,2018-01-31T03:58:00,madiwala
0ee1bbd7d1a6,12.891223,77.551784,narcotics,2018-02-13T08:39:00,kanakapura road
6cf9c594c45c,12.934289,77.619052,narcotics,2018-01-30T01:12:00,koramangala
6e568c3e8ebb,12.896402,77.616041,murder,2018-02-02T16:31:00,bommanahalli
b23d01aada3b,12.976152,77.62822,murder,2018-02-03T01:28:00,ulsoor
5ebd5969dcb1,12.933181,77.631736,assault,2018-02-02T09:29:00,koramangala
55d034d36d19,12.971298,77.590938,assault,2018-02-18T23:18:00,cubbon park
cd8b38ce430d,12.93344,77.577721,assault,2018-01-27T21:48:00,jayanagar
57ceb46471c6,12.99589,77.614864,assault,2018-01-18T11:34:00,frazer town
d635b805e3a7,12.931882,77.586667,assault,2018-01-19T23:22:00,jayanagar
485bda223a75,12.904959,77.6397,assault,2018-01-20T01:09:00,hsr layout
ab414e51e33a,12.924528,77.589075,murder,2018-01-22T00:16:00,jayanagar
4ccc54ababb5,12.994021,77.546847,assault,2018-01-20T23:27:00,basaveshwaranagar
6d7b33fbb84e,13.019436,77.554684,rape,2018-01-22T09:24:00,yeshwanthpur
3283eaee50e4,12.90539,77.614659,chain_snatching,2018-01-24T10:47:00,bommanahalli
935580e81339,12.983677,77.647855,assault,2018-01-25T01:32:00,indiranagar
98f25e63c37a,12.953054,77.596089,narcotics,2018-01-26T12:51:00,wilson garden
662d45dbe7ce,12.977223,77.602606,rape,2018-01-04T20:26:00,mg road
3dc550a0391c,12.963305,77.596401,murder,2018-01-27T03:56:00,richmond town
0e9c5cb3cc38,12.921416,77.546881,murder,2018-01-06T21:10:00,banashankari
dd7119b7ef0c,12.996871,77.574808,rape,2018-01-05T17:17:00,malleshwaram
d561ed490b94,12.975167,77.608712,abetment,2018-01-07T17:03:00,brigade road
d8698fb6f3dc,12.908829,77.681486,robbery,2018-01-08T10:56:00,sarjapur road
bf12e069adcb,13.011097,77.578576,cheating,2018-01-08T06:25:00,sadashivanagar
7cf4fb62f820,12.956794,77.588402,murder,2018-01-08T21:55:00,richmond town
c9d8f16b420d,12.977151,77.643405,assault,2018-01-17T18:06:00,indiranagar
9a368126c63f,12.989984,77.570879,abetment,2018-01-09T13:30:00,malleshwaram
39aae7ea0e37,12.982989,77.59392,abetment,2018-01-12T03:08:00,cubbon park
401c06a679e6,12.928378,77.543375,arson,2018-01-13T12:28:00,banashankari
db536d81ec0d,12.909875,77.634923,chain_snatching,2018-01-15T21:23:00,hsr layout
046fca2761d4,13.008868,77.586364,kidnapping,2018-01-14T17:29:00,sadashivanagar
dfb843095178,13.024044,77.51982,chain_snatching,2018-01-16T13:40:00,peenya
eda9348cdeab,12.836519,77.684277,murder,2018-01-14T19:26:00,electronic city
e3ac6b2a314a,12.923431,77.580336,murder,2018-01-14T19:34:00,jayanagar
8ae9313dd7ca,12.985704,77.616204,arson,2018-01-16T16:15:00,ulsoor
5d8bb54e4c7e,12.974519,77.576357,accident,2018-01-15T12:48:00,majestic
3253b4765b98,12.976539,77.642467,arson,2017-12-31T03:37:00,indiranagar
0e3266418be5,12.97419,77.747572,kidnapping,2018-01-01T23:56:00,whitefield
2b358d00960b,12.906133,77.590127,murder,2018-01-02T03:48:00,jp nagar
c3e291aa4a1e,13.034353,77.521233,murder,2017-12-23T02:11:00,peenya
b1285e328942,12.935138,77.583503,sexual_harassment,2017-12-23T12:31:00,jayanagar
2053ee83692b,12.884432,77.590278,assault,2018-01-02T21:35:00,bannerghatta road
28721f7ca1eb,13.011847,77.693327,murder,2017-12-29T04:34:00,kr puram
c718b8743b95,12.920687,77.61783,rape,2017-12-29T18:22:00,madiwala
9f75fa67da3b,13.006055,77.692427,chain_snatching,2017-12-01T03:19:00,kr puram
008ae4a59ac5,12.983262,77.60703,murder,2018-01-03T22:57:00,shivajinagar
636a704ccaa4,12.977456,77.59331,rape,2017-11-26T03:31:00,cubbon park
2b9f23f19372,12.980561,77.568004,murder,2018-01-04T17:59:00,majestic
128f87989d2e,12.89795,77.623508,assault,2017-12-07T01:09:00,bommanahalli
0de161f90220,12.977951,77.587584,murder,2017-12-08T19:42:00,cubbon park
c178957ad3b2,12.976432,77.62582,murder,2017-12-12T03:55:00,ulsoor
48714d330bbb,12.972404,77.607152,murder,2017-12-21T09:42:00,mg road
8c0d22282262,13.011969,77.69763,narcotics,2017-12-12T10:26:00,kr puram
03d24f8374fd,12.932557,77.621923,molestation,2017-12-21T16:22:00,koramangala
689dfebeccfa,13.007754,77.691596,assault,2017-11-07T19:53:00,kr puram
809f8b9db16c,12.968835,77.53159,molestation,2017-11-07T21:35:00,vijayanagar
98c43d0929a2,12.924011,77.62164,murder,2017-11-22T04:41:00,madiwala
916a628f3730,12.925222,77.548967,assault,2017-11-10T12:09:00,banashankari
de5b7af05d74,12.910471,77.635601,sexual_harassment,2017-11-11T01:38:00,hsr layout
a796521971d6,12.834005,77.679226,arson,2017-11-14T16:36:00,electronic city
d08d5cb8aebd,13.017615,77.54981,rape,2017-11-14T17:33:00,yeshwanthpur
3d92b850046f,13.006011,77.699753,assault,2017-11-14T13:16:00,kr puram
cc63dd1682cc,12.987801,77.544744,narcotics,2017-11-15T06:29:00,basaveshwaranagar
ead2ee3111d7,13.012679,77.576439,assault,2017-11-16T05:48:00,sadashivanagar
c4f26f11f52c,13.009464,77.694515,narcotics,2017-11-07T20:49:00,kr puram
87b8108a8c48,12.95038,77.588794,burglary,2017-11-17T07:28:00,wilson garden
3705e3b53f30,12.91466,77.678702,abetment,2017-10-27T22:29:00,sarjapur road
fca64d57394e,12.913627,77.642404,molestation,2017-11-21T07:04:00,hsr layout
e720a787078c,12.977835,77.61811,assault,2017-11-18T21:56:00,ulsoor
5c01479c15d1,13.100362,77.599918,assault,2017-10-18T04:16:00,yelahanka
3adab85fe193,13.013169,77.689049,murder,2017-10-20T13:34:00,kr puram
e4e3d94f1db5,12.930613,77.62819,narcotics,2017-10-20T03:00:00,koramangala
052737a13947,12.916888,77.641022,theft,2017-10-30T23:26:00,hsr layout
c2c19f6be51b,12.981786,77.541967,murder,2017-10-26T17:22:00,basaveshwaranagar
47b7dc0efb65,12.963123,77.63653,accident,2017-10-21T10:04:00,domlur
ed95f778a2a9,12.909084,77.615381,cheating,2017-10-28T23:45:00,bommanahalli
5e97fb5d45c7,13.039076,77.596505,kidnapping,2017-11-03T13:55:00,hebbal
c3918089a31f,12.918534,77.622674,murder,2017-11-04T08:25:00,madiwala
e88df2bcfc8d,13.033249,77.520937,domestic_violence,2017-10-31T17:16:00,peenya
8f79c4f8e1b1,12.974784,77.600338,murder,2017-11-05T13:09:00,mg road
a147510c6ca8,13.002572,77.582138,extortion,2017-11-06T16:22:00,sadashivanagar
71da4bb8a1f0,12.909338,77.683864,murder,2017-10-14T00:53:00,sarjapur road
685a5d57a44d,12.981033,77.602471,rape,2017-09-30T01:49:00,shivajinagar
cd3b3654bcbc,12.96694,77.638572,murder,2017-10-10T14:59:00,domlur
6d75c6703cd2,13.040322,77.6003,robbery,2017-10-03T03:43:00,hebbal
79563d8a85fc,12.925676,77.582783,accident,2017-10-03T18:45:00,jayanagar
c3a5a5b429bd,13.034577,77.594602,kidnapping,2017-10-04T02:34:00,hebbal
825edb4d167f,12.975281,77.607904,murder,2017-10-06T20:24:00,mg road
752927a5c943,12.959247,77.69957,assault,2017-09-12T22:03:00,marathahalli
209975aab2f6,12.92179,77.616594,sexual_harassment,2017-09-13T23:05:00,madiwala
cdaa2337f880,13.021354,77.546066,narcotics,2017-09-14T16:13:00,yeshwanthpur
eec228b514f9,12.976138,77.645533,sexual_harassment,2017-09-13T18:56:00,indiranagar
ac38dba0c3ed,12.941103,77.619289,kidnapping,2017-09-15T04:13:00,koramangala
65d6797236dd,12.955093,77.6983,murder,2017-09-18T22:24:00,marathahalli
9eadc9cb264f,12.970331,77.607258,cheating,2017-09-16T15:35:00,mg road
0416565ef106,12.935553,77.625051,theft,2017-09-22T17:11:00,koramangala
997e4d446f2e,12.912684,77.635407,murder,2017-08-23T09:11:00,hsr layout
67bccbe33279,12.929931,77.545939,robbery,2017-08-24T04:51:00,banashankari
062b55654f57,12.962149,77.700134,murder,2017-08-25T02:19:00,marathahalli
0877b71b48b6,12.972157,77.60274,assault,2017-08-30T16:42:00,mg road
db9b3ce4b5b8,12.957206,77.693508,murder,2017-08-31T00:16:00,marathahalli
a6497e9f975b,13.001954,77.586106,abetment,2017-09-06T12:05:00,sadashivanagar
3943943373e5,13.030687,77.513014,murder,2017-09-06T17:46:00,peenya
7414977011bf,12.940848,77.6229,murder,2017-08-06T10:52:00,koramangala
913c248123d0,12.97327,77.57336,rape,2017-08-18T03:42:00,majestic
03c0c35a973f,12.971072,77.748081,cyber_crime,2017-08-02T20:24:00,whitefield
c3c8a0881198,12.957195,77.707221,murder,2017-08-07T05:09:00,marathahalli
5e2a5e2a673f,12.974287,77.604994,molestation,2017-08-11T23:06:00,mg road
4468dd24031a,12.94339,77.586686,theft,2017-08-11T13:06:00,wilson garden
b9fddb039db3,12.987225,77.556402,assault,2017-08-14T02:33:00,rajajinagar
a805988e140c,12.979873,77.609359,assault,2017-08-17T13:52:00,mg road
4627aad74f04,12.931675,77.585492,assault,2017-08-18T08:04:00,jayanagar
bcd8311241a8,12.982893,77.586232,assault,2017-08-04T22:07:00,cubbon park
1e2960f98ceb,13.032489,77.601938,murder,2017-08-15T01:45:00,hebbal
865c4a477f2a,12.98108,77.622847,assault,2017-09-08T06:19:00,ulsoor
ff0c2ddf15fc,12.833415,77.66995,assault,2017-09-10T15:48:00,electronic city
439b97477737,12.882924,77.554537,kidnapping,2017-09-09T19:50:00,kanakapura road
04e46377d38b,12.964656,77.60003,narcotics,2017-07-24T21:32:00,richmond town
c203dfca46e1,12.948361,77.591046,narcotics,2017-07-24T06:44:00,wilson garden
24ebc7e4b308,12.954208,77.695638,rape,2017-07-26T07:11:00,marathahalli
3a02ce2820c1,12.901799,77.585443,narcotics,2017-07-25T07:21:00,jp nagar
edb47de33ced,13.105755,77.597028,kidnapping,2017-07-26T16:58:00,yelahanka
bc48caa15581,12.991474,77.567569,theft,2017-07-10T08:38:00,malleshwaram
8570e2c3331c,12.914385,77.613748,kidnapping,2017-07-11T04:36:00,btm layout
fa25eff2af60,12.954338,77.588399,stalking,2017-07-12T01:30:00,wilson garden
28e261bbb32e,12.974279,77.747403,cheating,2017-07-14T04:38:00,whitefield
cfd3a13131ad,13.029458,77.516595,molestation,2017-07-12T17:10:00,peenya
076cfec004c2,13.002999,77.69722,rape,2017-07-15T13:03:00,kr puram
652e9a413d66,12.930018,77.627465,theft,2017-06-22T07:53:00,koramangala
2304b497911e,12.967294,77.636724,assault,2017-07-15T16:27:00,domlur
5c695cf5a8ac,12.981884,77.608801,murder,2017-06-22T20:13:00,shivajinagar
d2e59429bca1,12.879993,77.623125,accident,2017-07-17T11:57:00,begur
83c80712c9a3,12.965741,77.745071,assault,2017-06-29T04:52:00,whitefield
355648d0c0d6,12.883471,77.55372,abetment,2017-06-30T13:28:00,kanakapura road
13e640e7cdd1,12.907194,77.678096,chain_snatching,2017-07-02T17:42:00,sarjapur road
cb1215a5a3f3,12.966423,77.751879,cyber_crime,2017-07-04T06:00:00,whitefield
d75e17ed4cd9,13.040945,77.602293,robbery,2017-07-03T00:07:00,hebbal
30ca116ecdfd,12.906404,77.64228,rioting,2017-06-19T12:15:00,hsr layout
7d5a65a8206d,12.953868,77.704053,robbery,2017-07-07T10:10:00,marathahalli
1dfbac518165,12.92246,77.60968,murder,2017-06-08T15:55:00,madiwala
615c0391625e,13.011214,77.57495,rape,2017-06-08T23:15:00,sadashivanagar
99499ffcd45c,12.929628,77.579631,assault,2017-07-18T20:29:00,jayanagar
fed8afd1adf1,12.997291,77.572513,assault,2017-11-05T00:26:00,malleshwaram
996f132864c4,12.942092,77.628963,abetment,2017-06-10T17:50:00,koramangala
4e07bd949c4d,12.972544,77.755165,murder,2017-06-19T18:18:00,whitefield
1d4880091db7,13.008522,77.579548,sexual_harassment,2017-06-20T15:06:00,sadashivanagar
31815af2db24,12.958298,77.696656,assault,2017-06-19T15:21:00,marathahalli
34d0642129a0,12.974836,77.575685,kidnapping,2017-07-18T11:54:00,majestic
046c3bbf5f99,12.926812,77.620942,murder,2017-06-19T19:36:00,madiwala
1975dc7d7d5a,12.979265,77.642691,molestation,2017-06-19T09:53:00,indiranagar
d44f65810ac4,12.914084,77.627478,chain_snatching,2017-05-28T12:56:00,silk board
9a762a04d949,12.914486,77.635582,domestic_violence,2017-06-02T08:53:00,hsr layout
e7d85ccd12e9,12.977625,77.601408,murder,2017-06-01T06:29:00,brigade road
2525a2a8d876,12.908267,77.588856,molestation,2017-06-02T18:04:00,jp nagar
0fdd33d49c05,12.89197,77.550703,abetment,2017-06-02T21:02:00,kanakapura road
e99cf132e93f,12.91877,77.642214,murder,2017-06-02T05:05:00,hsr layout
05823f82e180,12.991103,77.556351,rape,2017-06-04T06:34:00,rajajinagar
e9ee0c06fe13,12.922613,77.622301,burglary,2017-06-03T01:53:00,madiwala
05bf827062b5,13.027528,77.54326,assault,2017-06-06T23:23:00,yeshwanthpur
068f951ba99e,12.93366,77.622606,rape,2017-06-07T12:31:00,koramangala
25bce557a057,12.921918,77.551727,abetment,2017-06-21T00:02:00,banashankari
e5e1daed8bf3,12.998765,77.619448,murder,2017-06-22T15:43:00,frazer town
df80d9ad9e58,12.930746,77.628094,theft,2017-05-14T00:56:00,koramangala
ff422829d568,13.042249,77.600316,murder,2017-05-14T13:29:00,hebbal
e4e34ffa25b7,12.905671,77.686656,murder,2017-05-15T02:13:00,sarjapur road
d783ac0f7c77,12.930859,77.622903,theft,2017-05-22T00:09:00,koramangala
6eba9f619e11,12.929636,77.579427,murder,2017-05-17T09:42:00,jayanagar
85fb012394be,12.911486,77.679742,abetment,2017-05-20T11:28:00,sarjapur road
8e49f6b9751d,12.976711,77.593331,narcotics,2017-05-23T16:31:00,cubbon park
47dc69c66352,13.033167,77.513071,sexual_harassment,2017-05-16T09:19:00,peenya
08ec5ce2c601,12.993391,77.556217,narcotics,2017-05-25T03:01:00,rajajinagar
8e7172a59d00,12.997381,77.565786,murder,2017-05-26T09:43:00,malleshwaram
45d454c063e9,12.901545,77.58878,sexual_harassment,2017-05-25T15:49:00,jp nagar
4e0c07db74dd,13.026255,77.523213,rape,2017-05-26T16:41:00,peenya
9bfc5ce1fc82,12.956193,77.699093,murder,2017-05-01T21:02:00,marathahalli
b048a7e8342d,12.881374,77.62448,murder,2017-05-01T16:23:00,begur
2c210b9973b7,12.997693,77.612121,kidnapping,2017-09-22T04:07:00,frazer town
38ee85db99fc,12.962394,77.644661,assault,2017-05-04T08:56:00,domlur
8f85e1353981,12.938936,77.620781,molestation,2017-05-02T12:25:00,koramangala
c5647499fc01,12.922302,77.619362,cheating,2017-05-03T02:47:00,madiwala
b073f8cd4954,12.909634,77.642499,domestic_violence,2017-05-06T06:04:00,hsr layout
7c1e168f1770,12.966249,77.529517,cheating,2017-05-06T20:43:00,vijayanagar
32d7b546fd64,12.907092,77.636621,domestic_violence,2017-05-07T12:26:00,hsr layout
2d2af9a8effe,12.930286,77.624343,sexual_harassment,2017-05-03T23:04:00,koramangala
1e510ed14935,13.100481,77.597263,kidnapping,2017-05-12T18:33:00,yelahanka
4802bb8ae11e,13.039136,77.602043,murder,2017-09-23T01:33:00,hebbal
3f31490bfcda,12.926636,77.58263,extortion,2017-04-22T11:30:00,jayanagar
a0a253e7a03c,12.917332,77.637803,murder,2017-09-24T15:59:00,hsr layout
f565f149a0bb,12.991492,77.608412,assault,2017-09-27T22:33:00,frazer town
e4a4faa9bedf,12.930556,77.629825,rape,2017-04-26T00:29:00,koramangala
3cdd104f9cdc,12.916437,77.641029,murder,2017-04-27T23:33:00,hsr layout
730d065c0a96,12.917967,77.61987,rape,2017-04-25T02:13:00,silk board
08bfda5ec670,13.034259,77.515771,arson,2017-04-28T19:58:00,peenya
95883ef31b03,12.999183,77.580966,assault,2017-04-26T16:16:00,sadashivanagar
13c51eac4d3d,12.971069,77.606312,rape,2017-04-29T19:04:00,brigade road
a12645bca9e6,12.923867,77.623901,murder,2017-04-14T21:29:00,silk board
2ca1a5f21237,12.927884,77.579503,narcotics,2017-04-14T12:03:00,jayanagar
f14fc73380b0,13.101967,77.601669,abetment,2017-04-14T12:30:00,yelahanka
2a74fccc1455,12.979988,77.598224,rape,2017-04-20T02:44:00,cubbon park
a789d2282883,13.040352,77.594711,murder,2017-04-18T10:53:00,hebbal
44a777d38ae9,13.016787,77.549999,kidnapping,2017-04-17T23:46:00,yeshwanthpur
9682651c32fc,12.935057,77.58934,cheating,2017-04-20T22:53:00,jayanagar
9507809286d5,12.912427,77.583509,murder,2017-04-22T18:41:00,jp nagar
311266fd04f1,12.989916,77.55935,kidnapping,2017-04-22T15:52:00,rajajinagar
1e592016416c,12.931671,77.625092,robbery,2017-04-18T16:36:00,koramangala
603649b14638,12.932903,77.627678,narcotics,2017-04-01T16:16:00,koramangala
7337e5f6c46f,12.979925,77.565959,rape,2017-04-01T14:54:00,majestic
92ff3f53ee47,12.916347,77.625553,assault,2017-04-22T21:54:00,silk board
b5e4b89c7967,12.907046,77.622452,arson,2017-04-01T10:17:00,bommanahalli
00176ff80738,13.098493,77.599822,narcotics,2017-04-30T14:50:00,yelahanka
06308a837b21,13.009869,77.698653,assault,2017-04-02T06:43:00,kr puram
74d1cb2b9fa0,12.954295,77.705267,domestic_violence,2017-04-03T12:28:00,marathahalli
aa57367ce5eb,12.911888,77.590708,sexual_harassment,2017-04-05T17:45:00,jp nagar
23031a22e0dc,12.999366,77.580156,abetment,2017-03-22T02:27:00,sadashivanagar
a11fa7725711,12.942039,77.591858,assault,2017-03-23T04:28:00,wilson garden
acbbfa9bf4ad,12.918527,77.639902,narcotics,2017-03-24T06:28:00,hsr layout
935c3696c220,12.991644,77.549478,robbery,2017-03-25T10:15:00,rajajinagar
4227f21a5dce,12.977033,77.637122,assault,2017-03-25T04:19:00,indiranagar
97f695b69ef5,12.917695,77.614885,murder,2017-03-28T15:42:00,madiwala
44527b356488,12.913248,77.636011,narcotics,2017-03-29T00:40:00,hsr layout
6276fecf2fe0,13.002727,77.620086,murder,2017-03-29T07:11:00,frazer town
98b455aefa2a,13.001815,77.578477,accident,2017-03-17T05:07:00,sadashivanagar
7ad3cba2ad71,12.973059,77.641618,theft,2017-03-17T19:34:00,indiranagar
a12a3fa699f7,12.845304,77.674931,narcotics,2017-03-18T18:25:00,electronic city
595d15013fea,12.974678,77.607995,assault,2017-03-19T17:35:00,mg road
5ed07010a2ba,12.988153,77.620326,assault,2017-03-20T17:57:00,ulsoor
418c3bdd8cfa,13.033258,77.521281,sexual_harassment,2017-03-20T16:30:00,peenya
c5be3f90799b,12.954084,77.696684,assault,2017-03-22T11:47:00,marathahalli
42ad2a95843f,12.992712,77.540873,assault,2017-03-22T18:33:00,basaveshwaranagar
559040f97146,12.97308,77.605614,rape,2017-03-22T23:25:00,mg road
9883399f2776,12.907648,77.641419,murder,2017-03-06T14:05:00,hsr layout
cb51ed2fe4c9,12.88367,77.558373,arson,2017-03-07T23:33:00,kanakapura road
b6db96d27078,12.96433,77.706565,assault,2017-03-09T15:20:00,marathahalli
4d9d957e837a,13.026262,77.551233,rape,2017-03-11T09:01:00,yeshwanthpur
54fc32377f53,12.88012,77.620157,rape,2017-03-13T00:33:00,begur
d8f6548469ac,13.096057,77.600432,murder,2017-03-12T06:32:00,yelahanka
59149f8dd5f8,12.965046,77.744665,sexual_harassment,2017-03-08T16:15:00,whitefield
12b1a4e8b06c,12.903404,77.611618,narcotics,2017-04-01T04:02:00,bommanahalli
5c5bcb3eec86,13.102126,77.594463,rape,2017-03-05T20:56:00,yelahanka
4cdf4afe0a17,12.975618,77.641612,theft,2017-04-08T10:55:00,indiranagar
0a347aa727d1,13.041376,77.598325,sexual_harassment,2017-03-14T04:54:00,hebbal
5fb78c72d373,12.966645,77.745239,murder,2017-03-02T20:58:00,whitefield
904d12349241,12.98186,77.601231,assault,2017-03-01T10:31:00,mg road
b9a57728cc2a,12.927978,77.583755,arson,2017-03-01T20:53:00,jayanagar
078de091b9a0,12.957824,77.694652,molestation,2017-03-02T07:18:00,marathahalli
ac54bc3d1633,12.913504,77.635258,robbery,2017-03-03T07:03:00,hsr layout
e97213d51d83,12.916355,77.686631,robbery,2017-03-05T12:27:00,sarjapur road
b8a27e59bf0e,12.965369,77.706941,robbery,2017-03-03T13:58:00,marathahalli
2f67cf2f3b84,12.976073,77.619837,assault,2017-03-04T09:28:00,ulsoor
055773db36b1,12.937613,77.627451,assault,2017-02-17T17:28:00,koramangala
4de7b0116026,12.888883,77.556376,rape,2017-02-18T03:20:00,kanakapura road
e5fbb10ac518,12.981121,77.587724,molestation,2017-02-21T00:57:00,cubbon park
120e727cfbed,12.893129,77.592661,molestation,2017-02-21T20:34:00,bannerghatta road
a3d0109abcf1,13.10442,77.600912,theft,2017-02-21T04:01:00,yelahanka
2b6228524165,12.9203,77.616215,sexual_harassment,2017-04-12T15:04:00,btm layout
f889eac6bfef,12.966872,77.641434,theft,2017-02-24T14:13:00,domlur
c2ffd79c328f,12.902526,77.61165,cheating,2017-02-09T19:24:00,bommanahalli
225f67e7fbe0,12.961644,77.700214,sexual_harassment,2017-02-09T17:26:00,marathahalli
c6429ca4921e,12.91048,77.640201,assault,2017-02-10T18:53:00,hsr layout
5dcf5d852306,12.984686,77.555217,cheating,2017-02-10T12:15:00,rajajinagar
cbb89634ccfe,12.982055,77.643788,accident,2017-02-11T03:05:00,indiranagar
045680737e54,12.976015,77.628014,murder,2017-02-11T20:29:00,ulsoor
18314e7d9ff8,12.893344,77.549083,murder,2017-02-11T12:10:00,kanakapura road
9eda9a9d2524,13.031013,77.518678,rape,2017-02-17T18:56:00,peenya
df0be859d5e9,12.974099,77.571038,kidnapping,2017-02-16T09:38:00,majestic
732ef8722f61,13.032775,77.60097,sexual_harassment,2017-02-17T09:09:00,hebbal
6495b1d7196a,13.023241,77.544373,murder,2017-10-08T02:18:00,yeshwanthpur
5cff26c2230e,12.99361,77.575837,sexual_harassment,2017-02-15T06:28:00,malleshwaram
c8893b6eae01,12.989613,77.549735,stalking,2017-09-27T03:36:00,rajajinagar
380df61ebfee,12.924629,77.58665,narcotics,2017-10-01T09:49:00,jayanagar
e7481ff160c0,12.928922,77.542053,rape,2017-02-01T06:40:00,banashankari
883a80459bea,12.957894,77.587895,murder,2017-02-03T08:42:00,richmond town
bc1a37d44278,12.977092,77.607493,murder,2017-10-11T03:55:00,brigade road
ea05788e097c,12.876479,77.622566,murder,2017-10-10T03:57:00,begur
8f272f40b334,12.911978,77.617937,robbery,2017-02-03T06:39:00,silk board
74be28cf65c3,12.929208,77.57999,narcotics,2017-02-03T14:59:00,jayanagar
7715b3922682,12.938968,77.628245,murder,2017-02-02T10:50:00,koramangala
2878c701da2b,12.969466,77.600656,robbery,2017-02-03T17:36:00,brigade road
7e38db3646c4,12.99681,77.569741,assault,2017-02-04T17:16:00,malleshwaram
ce9b2aed3879,12.990122,77.55537,assault,2017-02-05T15:56:00,rajajinagar
b59703b0366b,13.033823,77.594387,robbery,2017-02-03T11:38:00,hebbal
b186e75facac,13.095036,77.594692,narcotics,2017-02-05T03:23:00,yelahanka
fe3f6383a61b,12.967355,77.745654,assault,2017-02-06T04:54:00,whitefield
65f8552eba51,12.981396,77.643648,molestation,2017-02-07T20:21:00,indiranagar
a4fad879bf22,12.969772,77.602732,sexual_harassment,2017-01-19T15:37:00,brigade road
9caa8d9ab6bc,12.927217,77.62213,kidnapping,2017-01-20T00:44:00,madiwala
71adb74c56f2,12.962474,77.700979,robbery,2017-01-20T09:20:00,marathahalli
92f99a44ff7e,12.898737,77.622188,kidnapping,2017-10-14T19:35:00,bommanahalli
c387c33b05fb,12.961509,77.695178,murder,2017-10-13T02:52:00,marathahalli
2bd79658f366,12.955179,77.591693,murder,2017-01-23T07:42:00,wilson garden
8225c4668d56,12.873394,77.62222,assault,2017-01-24T01:39:00,begur
d24319ea05bf,12.881638,77.597341,molestation,2017-01-28T12:49:00,bannerghatta road
576d9b1dc98c,12.966635,77.752038,assault,2017-01-27T01:57:00,whitefield
1705483b89be,12.95606,77.59329,robbery,2017-01-28T20:21:00,wilson garden
1fff293382ee,12.984822,77.60734,sexual_harassment,2017-01-30T09:29:00,shivajinagar
b501bb21adca,12.91744,77.644953,rape,2017-01-14T03:16:00,hsr layout
34a758d14d7d,12.908241,77.580815,sexual_harassment,2017-01-14T15:16:00,jp nagar
c0e54718263d,12.967212,77.747198,cheating,2017-01-30T06:58:00,whitefield
f2b5fddf8f35,13.025221,77.520079,domestic_violence,2017-01-14T20:24:00,peenya
110c68fb2182,12.930735,77.623725,abetment,2017-01-11T10:49:00,koramangala
f9e3dca61dae,12.928914,77.546948,theft,2017-01-11T08:33:00,banashankari
e1d747543531,13.025048,77.525017,assault,2017-01-12T21:03:00,peenya
ef3a5fa3c5c8,13.101705,77.595664,assault,2017-01-12T18:22:00,yelahanka
343738c29837,12.933485,77.624122,kidnapping,2017-01-13T05:48:00,koramangala
b674dbcc1695,12.975728,77.638033,sexual_harassment,2017-01-10T21:24:00,indiranagar
2bc9bd1119b1,12.930317,77.622471,assault,2017-01-14T17:06:00,koramangala
da7d7d3dde0b,13.104717,77.592432,assault,2017-01-10T09:50:00,yelahanka
88e932969afb,12.893451,77.552523,molestation,2017-01-14T13:06:00,kanakapura road
5ef727e94ca4,12.985553,77.537669,molestation,2017-01-16T03:24:00,basaveshwaranagar
436335581602,12.910131,77.616665,rape,2017-01-17T11:42:00,btm layout
d139ff7d84d6,13.014156,77.692176,murder,2017-01-16T05:01:00,kr puram
21fae3c12423,12.994599,77.608393,molestation,2017-01-05T10:00:00,frazer town
e0115a374e2f,12.908507,77.6868,murder,2017-01-18T14:43:00,sarjapur road
d8df45fdc814,12.93793,77.62887,sexual_harassment,2017-01-06T21:22:00,koramangala
116c66174e27,12.954522,77.586209,molestation,2017-01-10T21:02:00,wilson garden
996443c08cbe,13.095037,77.597421,molestation,2017-01-07T07:12:00,yelahanka
6cfd802a15fb,13.031338,77.520911,molestation,2017-01-07T10:46:00,peenya
6cb396bc64a1,12.990681,77.576614,assault,2016-12-28T04:06:00,malleshwaram
637fc339eb35,12.982449,77.561748,murder,2017-01-05T21:47:00,rajajinagar
aec9dfb9824c,12.976995,77.611039,molestation,2017-01-05T06:26:00,mg road
b4661242a065,12.961543,77.638663,murder,2017-01-07T23:36:00,domlur
71bb56cf9846,12.903538,77.580961,assault,2017-01-07T15:05:00,jp nagar
6e965ead4d34,12.938664,77.622343,molestation,2017-01-09T03:59:00,koramangala
6aa05d4eae1d,12.934186,77.629589,assault,2017-01-10T16:44:00,koramangala
93f43d63bd41,12.842742,77.677307,molestation,2017-01-10T03:52:00,electronic city
eb2ced6d3190,12.978081,77.594655,sexual_harassment,2017-01-10T10:55:00,cubbon park
2b019bb8a216,12.944487,77.593841,sexual_harassment,2017-01-04T17:51:00,wilson garden
f31a576377bd,12.961554,77.634813,abetment,2016-12-23T20:18:00,domlur
f63c2455c657,12.96364,77.537539,arson,2016-12-24T16:28:00,vijayanagar
7d5cd36ddcbd,12.97114,77.60013,rape,2016-12-24T15:22:00,brigade road
2ef940c9b49d,12.986571,77.553692,murder,2016-12-20T19:12:00,rajajinagar
a9a243885297,13.098653,77.597386,murder,2016-12-19T17:30:00,yelahanka
ce6716c3fe17,12.952521,77.593563,stalking,2016-12-21T12:10:00,wilson garden
ba72d60d6ad4,12.971247,77.609549,stalking,2016-12-21T17:35:00,mg road
ac00de1e142e,12.84463,77.673207,murder,2016-12-23T05:51:00,electronic city
9bdd768cbdd9,13.105835,77.596518,stalking,2016-12-23T20:24:00,yelahanka
c77869a8a365,12.903425,77.674572,domestic_violence,2016-12-23T07:32:00,sarjapur road
3d91259b37c9,12.970315,77.600831,stalking,2016-12-22T01:22:00,brigade road
7b2c2a6568aa,13.020085,77.54666,assault,2016-11-29T11:00:00,yeshwanthpur
cf2357f1e659,12.963829,77.703764,narcotics,2016-11-30T15:25:00,marathahalli
f5c5868f4d7a,12.930905,77.582804,kidnapping,2016-11-30T03:55:00,jayanagar
e10dab122250,12.980694,77.643404,narcotics,2016-12-19T14:33:00,indiranagar
e76f59f96122,12.989241,77.603877,stalking,2016-12-15T06:12:00,shivajinagar
1b2bfe47ef07,12.929229,77.586153,kidnapping,2016-12-15T08:22:00,jayanagar
9b4aa9b3274f,12.995605,77.618039,sexual_harassment,2016-12-16T06:24:00,frazer town
2203f8d72edb,12.912255,77.586099,robbery,2016-11-26T15:50:00,jp nagar
f720402377ef,13.026876,77.518647,abetment,2016-11-23T16:08:00,peenya
add5eefd20fc,12.929462,77.588054,cheating,2016-11-16T15:52:00,jayanagar
0b7532e2396a,12.968817,77.606723,abetment,2016-11-16T13:09:00,mg road
a5b01526e433,12.972743,77.60716,assault,2016-11-18T10:43:00,brigade road
0ab6a55843b1,12.976737,77.532333,murder,2016-11-18T15:17:00,vijayanagar
b5b01625624d,12.918565,77.611511,assault,2016-11-19T11:15:00,btm layout
cf77264ee94f,12.898205,77.614912,sexual_harassment,2016-10-27T10:05:00,bommanahalli
7709ffe459e9,12.925518,77.580352,theft,2016-10-29T17:21:00,jayanagar
abecd9068d0f,12.923445,77.544291,stalking,2016-10-28T06:49:00,banashankari
fd2032ab5a5d,12.985479,77.610326,murder,2016-10-28T23:52:00,shivajinagar
d884179ca1d4,12.975376,77.595933,theft,2016-10-29T19:44:00,cubbon park
0d92a34546c9,12.990825,77.603546,assault,2016-10-31T05:42:00,shivajinagar
7c26a8aede77,12.964787,77.632692,cheating,2016-11-05T05:37:00,domlur
21d75f5427c9,12.907846,77.589787,murder,2016-11-04T05:54:00,jp nagar
02cfca487528,12.990876,77.600923,molestation,2016-11-04T01:46:00,shivajinagar
08723d3599fa,12.976089,77.593521,rape,2016-11-08T20:48:00,cubbon park
bff4613da956,12.905234,77.619657,abetment,2016-11-20T05:33:00,bommanahalli
ed1ec848d021,13.031092,77.600471,rape,2016-11-11T10:11:00,hebbal
2a92bcc1b858,12.921981,77.616718,assault,2016-10-18T16:35:00,btm layout
2fdf6eff5135,12.987645,77.60569,murder,2016-10-18T04:14:00,shivajinagar
8b44d93e5b22,12.984931,77.602948,murder,2016-10-18T04:04:00,shivajinagar
b37635d38fcd,12.987936,77.603973,murder,2016-10-19T14:13:00,shivajinagar
4215b58f2e32,12.976985,77.743967,murder,2016-10-20T13:12:00,whitefield
8a6e869383dd,12.893811,77.553552,murder,2016-11-08T17:56:00,kanakapura road
4e09533675ff,12.908338,77.637294,murder,2016-10-20T16:40:00,hsr layout
207a3794a95f,12.979891,77.639614,robbery,2016-10-21T11:45:00,indiranagar
0447a97bf906,12.979477,77.610047,murder,2016-11-21T20:05:00,mg road
089dc186d814,12.965161,77.751121,sexual_harassment,2016-10-20T21:53:00,whitefield
01c3a4d58ac7,13.015356,77.695219,robbery,2016-10-20T02:56:00,kr puram
25cf4f48770d,12.930236,77.578186,arson,2016-10-22T16:19:00,jayanagar
0a36518de34e,13.027102,77.512109,arson,2016-10-22T04:23:00,peenya
d127cb2b4c9c,13.002664,77.697155,theft,2016-10-22T04:55:00,kr puram
9a173b7fac5b,12.928007,77.541122,murder,2016-10-24T22:46:00,banashankari
9c505a4542aa,12.921636,77.552169,robbery,2016-10-26T01:09:00,banashankari
c147a519fc45,12.982317,77.551472,abetment,2016-10-24T11:25:00,rajajinagar
e9a95c6a1c31,12.902996,77.680611,assault,2016-10-12T13:59:00,sarjapur road
50c67f25167f,12.922215,77.543706,murder,2016-10-10T15:47:00,banashankari
9c8b01ef59c3,13.002131,77.579176,theft,2016-10-14T06:40:00,sadashivanagar
23304d5b95cb,12.911058,77.639419,sexual_harassment,2016-10-14T17:25:00,hsr layout
97b13cdecdff,12.935513,77.629224,narcotics,2016-10-14T01:41:00,koramangala
d2b42eea2ac4,12.974972,77.609264,murder,2016-10-15T06:22:00,mg road
e36374189009,13.025846,77.555261,assault,2016-09-27T15:00:00,yeshwanthpur
149201a3d51e,13.035686,77.596387,domestic_violence,2016-09-28T08:18:00,hebbal
eaca3715182f,12.910494,77.607211,sexual_harassment,2016-09-27T19:34:00,btm layout
bd0baee42db4,13.040405,77.594776,rape,2016-09-29T13:23:00,hebbal
5b6c21d88aa1,13.09643,77.591736,arson,2016-09-28T23:27:00,yelahanka
23014968bd41,12.991844,77.612275,murder,2016-09-29T19:19:00,shivajinagar
e74c5250c26b,12.880073,77.613909,rape,2016-09-30T15:22:00,begur
401bd4c99749,13.015698,77.55496,robbery,2016-10-01T12:17:00,yeshwanthpur
ad6f67d53445,12.905238,77.678101,extortion,2016-10-02T21:07:00,sarjapur road
6e3e2b6842c7,12.902012,77.579128,murder,2016-10-03T10:46:00,jp nagar
a6b1477f0419,12.874213,77.626063,accident,2016-09-18T00:19:00,begur
645eaa8e2419,12.9847,77.606422,assault,2016-10-04T03:32:00,shivajinagar
c02844f21c69,13.003491,77.614855,arson,2016-09-19T21:39:00,frazer town
6bc4abe6be41,12.933221,77.584247,stalking,2016-09-20T23:23:00,jayanagar
576ee0ab9060,12.958511,77.591052,extortion,2016-09-20T07:35:00,richmond town
022b0a222d73,12.975876,77.636243,molestation,2016-09-21T11:11:00,indiranagar
13ff0662f08f,12.922798,77.540659,arson,2016-09-19T20:36:00,banashankari
d17855a97dc2,13.032014,77.519287,robbery,2016-09-19T11:50:00,peenya
5f490ba3b6ad,12.93488,77.581842,robbery,2016-09-21T04:19:00,jayanagar
eeef9312c811,13.041187,77.603753,assault,2016-09-24T05:39:00,hebbal
1958b7cedd5f,12.947456,77.591818,robbery,2016-09-22T14:04:00,wilson garden
58c3d4123af4,12.979013,77.605752,assault,2016-09-24T18:12:00,shivajinagar
53cf0feefc96,13.03501,77.598624,murder,2016-09-21T17:21:00,hebbal
2c8c27cc5455,13.008122,77.578377,robbery,2016-09-26T07:30:00,sadashivanagar
dd197f1a45d1,13.027745,77.519927,murder,2016-10-05T20:53:00,peenya
20ba9224c32a,12.976704,77.641135,murder,2016-09-27T13:38:00,indiranagar
0e4d3c0df950,12.885861,77.552842,murder,2016-10-05T06:30:00,kanakapura road
11ae09a40d21,12.910755,77.673604,rape,2016-09-09T20:35:00,sarjapur road
d12d1688a113,12.903234,77.613106,kidnapping,2016-09-10T20:36:00,bommanahalli
3f190e960a1d,12.971617,77.527641,murder,2016-09-12T18:38:00,vijayanagar
9e39396f9aaf,12.938771,77.620402,assault,2016-09-13T20:02:00,koramangala
144611d344db,12.880395,77.591339,kidnapping,2016-09-13T20:18:00,bannerghatta road
f6a16aecf684,12.927239,77.579193,robbery,2016-09-13T08:04:00,jayanagar
7320ec8f4b45,13.105767,77.591114,rape,2016-09-09T09:35:00,yelahanka
288509a9b52b,12.911196,77.63677,molestation,2016-09-15T08:43:00,hsr layout
0c35c9c70d20,12.970242,77.529258,assault,2016-08-30T13:01:00,vijayanagar
78cbac8c99d4,12.871442,77.618476,assault,2016-08-31T12:34:00,begur
e195a26577c2,13.10628,77.599057,assault,2016-09-16T21:21:00,yelahanka
9c2696fcf8e6,12.965818,77.633102,rape,2016-09-01T00:28:00,domlur
02e1504528ad,13.098281,77.597617,kidnapping,2016-08-30T09:45:00,yelahanka
91fb699547aa,12.980771,77.596353,murder,2016-09-02T03:05:00,cubbon park
83471010a77e,12.928982,77.578289,chain_snatching,2016-09-02T20:51:00,jayanagar
b3705a31f9ad,12.932074,77.578617,abetment,2016-08-19T12:11:00,jayanagar
03fdf4fc6bfe,12.935879,77.622481,rape,2016-09-07T10:46:00,koramangala
1a9bd711d824,12.96408,77.693539,murder,2016-08-20T17:32:00,marathahalli
8e5f7645332e,13.007958,77.694461,abetment,2016-08-21T22:29:00,kr puram
7f883063c91b,13.02343,77.547663,assault,2016-08-22T23:50:00,yeshwanthpur
41ceb743311d,12.980549,77.606827,rape,2016-08-23T21:05:00,mg road
a3ddaf8c0f3e,12.928917,77.581266,assault,2016-08-20T07:34:00,jayanagar
89cca217b362,13.033928,77.596124,kidnapping,2016-08-26T02:03:00,hebbal
5693bd87a19d,12.902467,77.616912,molestation,2016-08-20T17:37:00,bommanahalli
6272634b725d,12.983835,77.636975,murder,2016-08-26T08:07:00,indiranagar
9b37bcd5fc91,13.003836,77.577161,cheating,2016-08-23T09:34:00,malleshwaram
6536c34f5081,13.097958,77.593042,molestation,2016-08-09T22:00:00,yelahanka
e81f76a898c6,12.930975,77.58037,assault,2016-08-08T18:25:00,jayanagar
a390fa986b1d,12.926833,77.587385,abetment,2016-08-12T09:33:00,jayanagar
003ddf69ba94,12.972858,77.753638,murder,2016-08-12T14:34:00,whitefield
8e35d47a413e,12.976943,77.604454,theft,2016-08-11T13:45:00,mg road
41cbd10ac54f,12.927584,77.624073,robbery,2016-08-12T20:55:00,madiwala
11d2d8e92ab8,12.886773,77.602685,assault,2016-07-31T21:14:00,bannerghatta road
06fe64f510d1,13.032394,77.514377,assault,2016-08-03T19:07:00,peenya
7cbf4ce5fbd0,12.972368,77.610348,assault,2016-07-29T22:05:00,brigade road
256b9260c5e4,12.974462,77.751752,assault,2016-08-03T05:45:00,whitefield
befdd32a146c,12.934595,77.629245,assault,2016-07-20T06:34:00,koramangala
e78d8190a1ae,12.87463,77.625379,assault,2016-08-04T02:02:00,begur
adb15070d036,12.982604,77.642959,cheating,2016-07-13T17:40:00,indiranagar
4e475890cb85,12.969919,77.589293,sexual_harassment,2016-07-13T12:58:00,richmond town
2b3eb2217df6,12.934973,77.621725,assault,2016-07-13T11:20:00,koramangala
2d52972b7d47,12.889383,77.596292,assault,2016-07-14T04:42:00,bannerghatta road
f00502bfaa42,13.033591,77.593741,stalking,2016-07-18T19:09:00,hebbal
8e532dcb3047,12.964929,77.639497,assault,2016-07-19T04:10:00,domlur
4bc0207fd6a1,12.932758,77.585002,abetment,2016-07-21T14:51:00,jayanagar
82500f488dbc,13.028994,77.54998,abetment,2016-07-19T04:00:00,yeshwanthpur
6ad3f03a9d8c,12.930419,77.58235,abetment,2016-07-20T23:04:00,jayanagar
2d3bfa437f5a,12.985807,77.607918,burglary,2016-07-20T02:58:00,shivajinagar
e1341410016f,13.0322,77.594634,assault,2016-07-21T14:09:00,hebbal
2f4957774356,13.040537,77.599456,molestation,2016-07-21T11:05:00,hebbal
90a1afdc9e24,12.972616,77.609459,sexual_harassment,2016-07-25T02:06:00,mg road
801cd66da437,12.911525,77.633834,kidnapping,2016-07-26T16:26:00,hsr layout
a629cfccfcc8,12.923249,77.581855,sexual_harassment,2016-08-06T01:37:00,jayanagar
8074b6772398,12.973212,77.753404,molestation,2016-07-26T06:00:00,whitefield
d1d624a9d15b,12.908384,77.641089,assault,2016-07-26T04:10:00,hsr layout
53d775c784fc,13.003858,77.700165,cheating,2016-07-27T10:38:00,kr puram
c99f021fc3cf,13.095339,77.595112,robbery,2016-08-06T06:27:00,yelahanka
4608abc83f54,12.970217,77.614321,abetment,2016-08-08T23:55:00,brigade road
9b4bcb6a9e88,12.977356,77.588631,theft,2016-08-18T07:29:00,cubbon park
f332b49a71e9,12.933918,77.586579,extortion,2016-08-18T09:20:00,jayanagar
71ffcfae425a,12.9178,77.612997,robbery,2016-09-04T22:16:00,btm layout
bbd5cc688616,13.031503,77.522754,robbery,2016-09-05T06:41:00,peenya
2696b1bfaa85,12.974684,77.606644,assault,2016-09-07T13:13:00,mg road
5f5ae6484b67,12.991883,77.556915,rioting,2016-09-17T13:20:00,rajajinagar
f7ff9acc197c,12.974284,77.578058,assault,2016-10-06T08:34:00,majestic
48fe451982fe,12.975788,77.534325,assault,2016-10-16T13:08:00,vijayanagar
8b5b70f03e85,12.983037,77.601507,murder,2016-10-17T15:02:00,shivajinagar
f086710ec776,12.936761,77.629521,assault,2016-10-17T02:22:00,koramangala
7141ce9b8ffa,12.977568,77.622378,murder,2016-11-26T09:55:00,ulsoor
3a7300547c30,12.963525,77.528332,narcotics,2016-11-28T13:44:00,vijayanagar
